Workbook

Sheet Протокол
A1: № | B1: Задача | C1: Время (мм:сс,сотые) | D1: Действия* | E1: Ошибки* | F1: Цель достигнута | G1: Помощь | H1: SEQ (1–7) | I1: Наблюдения
A2: 1 | B2: Регистрация | C2: 0.0039717593 | D2: 12 | E2: 2 | F2: Да | G2: Не указано | H2: 1 | I2: Две ошибки при вводе пароля/подтверждения; регистрация завершена.
A3: 2 | B3: Восстановление пароля | C3: 0.0018194444 | D3: 13 | E3: 3 | F3: Да | G3: Не указано | H3: 4 | I3: Повторный ввод пароля; пароль успешно изменён.
A4: 3 | B4: Вход в систему | C4: 0.00060717593 | D4: 4 | E4: 2 | F4: Да | G4: Не указано | H4: 1 | I4: Сначала введено имя пользователя вместо почты; вход успешен.
A5: 4 | B5: Вход в автономном режиме | C5: 0.00048958333 | D5: 3 | E5: 0 | F5: Да | G5: Не указано | H5: 1 | I5: Вход выполнен успешно.
A6: 5 | B6: Загрузка, скачивание и удаление файла | C6: 0.00067361111 | D6: 3 | E6: 0 | F6: Да | G6: Не указано | H6: 2 | I6: Все операции завершены.
A7: 6 | B7: Создание папки и переход в неё | C7: 0.00026828704 | D7: 2 | E7: 0 | F7: Да | G7: Не указано | H7: 1 | I7: Папка создана, переход выполнен.
A8: 7 | B8: Загрузка каталога | C8: 0.00023599537 | D8: 3 | E8: 0 | F8: Да | G8: Не указано | H8: 2 | I8: Каталог загружен.
A9: 8 | B9: Изменение данных пользователя | C9: 0.0018951389 | D9: 7 | E9: 0 | F9: Да | G9: Не указано | H9: 4 | I9: Изменены данные пользователя и номер телефона.
A10: Итого | C10: =SUM(C2:C9) -> 0.0099609954 | D10: =SUM(D2:D9) -> 47 | E10: =SUM(E2:E9) -> 7 | F10: 8 из 8 | G10: Не указано | H10: =AVERAGE(H2:H9) -> 2 | I10: * Действия и ошибки восстановлены приблизительно по описанию.

Sheet Итоги
A1: Показатель | B1: Результат | C1: Расчёт / примечание
A2: TSR | B2: =COUNTIF(Протокол!F2:F9,"Да")/COUNTA(Протокол!A2:A9) -> 1 | C2: Успешные задачи / все задачи
A3: CR | B3: =COUNTIF(Протокол!F2:F9,"Да")/COUNTA(Протокол!A2:A9) -> 1 | C3: Завершённые задачи / начатые задачи (все 8 начаты)
A4: ER | B4: =Протокол!E10/Протокол!D10 -> 0.14893617 | C4: Ошибочные действия / все действия
A5: AR | B5: Не рассчитан | C5: Сведения об обращении за помощью не записаны
A6: ATT | B6: =AVERAGE(Протокол!C2:C9) -> 0.0012451244 | C6: Среднее время одной задачи
A7: TP | B7: =COUNTIF(Протокол!F2:F9,"Да")/(SUM(Протокол!C2:C9)*1440) -> 0.55773096 | C7: Задачи в минуту
A8: EU | B8: Не рассчитан | C8: Нужна формула EU из теоретического материала
A9: SEQ | B9: =AVERAGE(Протокол!H2:H9) -> 2 | C9: Среднее по задачам (шкала 1–7)
A10: SUS | B10: ='SUS-NPS'!B13 -> 0 | C10: Оценка SUS (0–100)
A11: NPS | B11: ='SUS-NPS'!B15 -> -100 | C11: Один ответ: 0–6 = критик; 7–8 = нейтральный; 9–10 = сторонник
A12: Общее время теста | B12: =SUM(Протокол!C2:C9) -> 0.0099609954 | C12: Все 8 задач

Sheet SUS-NPS
A1: Вопрос SUS | B1: Ответ (1–5) | C1: Скорректированный балл
A2: 1 | B2: 1 | C2: =B2-1 -> 0
A3: 2 | B3: 1 | C3: =5-B3 -> 4
A4: 3 | B4: 2 | C4: =B4-1 -> 1
A5: 4 | B5: 1 | C5: =5-B5 -> 4
A6: 5 | B6: 4 | C6: =B6-1 -> 3
A7: 6 | B7: 3 | C7: =5-B7 -> 2
A8: 7 | B8: 5 | C8: =B8-1 -> 4
A9: 8 | B9: 1 | C9: =5-B9 -> 4
A10: 9 | B10: 5 | C10: =B10-1 -> 4
A11: 10 | B11: 1 | C11: =5-B11 -> 4
A12: Сумма | C12: =SUM(C2:C11) -> 30
A13: Итог SUS (0–100) | C13: =C12*2.5 -> 75
A14: Оценка NPS (0–10) | B14: 3 | C14: Ответ испытуемого
A15: NPS (один ответ) | B15: =IF(B14>=9,100,IF(B14>=7,0,-100)) -> -100 | C15: 3 балла = критик; результат только одного участника
A16: Обратная связь | B16: Не предоставлена | C16: Заполнить по словам испытуемого
